Date,Open,High,Low,Close,Adj Close,Volume
3/28/17,55.403999,56.136002,55,55.490002,55.490002,39938000
3/29/17,55.667999,55.919998,55.108002,55.476002,55.476002,18381000
3/30/17,55.608002,56.400002,55.442001,55.584,55.584,20742000
3/31/17,55.745998,55.936001,55.264,55.66,55.66,16473000
4/3/17,57.380001,59.799999,56.916,59.703999,59.703999,69443000
4/4/17,59.377998,60.962002,58.905998,60.740002,60.740002,50673000
4/5/17,60.408001,60.976002,58.84,59,59,39404500
4/6/17,59.375999,60.388,58.82,59.740002,59.740002,27603000
4/7/17,59.5,60.537998,59.43,60.507999,60.507999,22898000
4/10/17,61.830002,62.745998,61.742001,62.478001,62.478001,38322500
4/11/17,62.675999,62.694,61.099998,61.742001,61.742001,28623000
4/12/17,61.268002,61.689999,59.264,59.368,59.368,30253500
4/13/17,59.34,61.478001,59.060001,60.799999,60.799999,46423000
4/17/17,60.540001,60.799999,59.736,60.287998,60.287998,20693500
4/18/17,59.939999,60.167999,59.580002,60.049999,60.049999,15178500
4/19/17,60.492001,61.324001,60.422001,61.104,61.104,19490000
4/20/17,61.301998,61.830002,60.046001,60.501999,60.501999,30747000
4/21/17,60.400002,61.279999,60.084,61.119999,61.119999,22549000
4/24/17,61.844002,62.110001,61.203999,61.605999,61.605999,25417500
4/25/17,61.599998,62.796001,61.172001,62.757999,62.757999,33688500
4/26/17,62.473999,62.900002,61.799999,62.034,62.034,23475000
4/27/17,62.338001,62.618,61.5,61.726002,61.726002,17343000
4/28/17,61.966,62.959999,61.599998,62.813999,62.813999,22527500
5/1/17,62.976002,65.449997,62.962002,64.566002,64.566002,44148000
5/2/17,64.800003,65.531998,63.312,63.778,63.778,26914000
5/3/17,63.534,64.306,62.09,62.203999,62.203999,35667000
5/4/17,61.487999,61.554001,58.152,59.091999,59.091999,70760000
5/5/17,59.599998,61.709999,59.360001,61.669998,61.669998,40886500
5/8/17,62.18,62.757999,61.164001,61.438,61.438,35032500
5/9/17,61.875999,64.398003,61.82,64.251999,64.251999,48382500
5/10/17,64.311996,65.099998,63.624001,65.043999,65.043999,28708000
5/11/17,64.68,65.199997,63.919998,64.620003,64.620003,23769000
5/12/17,65.096001,65.400002,64.306,64.961998,64.961998,20608000
5/15/17,63.675999,64.040001,62.506001,63.175999,63.175999,38110000
5/16/17,63.518002,64.012001,63.028,63.402,63.402,20762500
5/17/17,62.877998,62.925999,61.099998,61.222,61.222,33559500
5/18/17,61.400002,62.787998,61.062,62.612,62.612,28269000
5/19/17,63.099998,63.299999,62.040001,62.166,62.166,23438000
5/22/17,62.560001,62.874001,61.360001,62.07,62.07,21646000
5/23/17,62.091999,62.146,60.695999,60.771999,60.771999,21592000
5/24/17,61.301998,62.200001,61.080002,62.043999,62.043999,25166500
5/25/17,62.203999,63.394001,61.562,63.366001,63.366001,25070000
5/26/17,63.456001,65.098,63.262001,65.028,65.028,39011000
5/30/17,65.199997,67.255997,65.152,67.019997,67.019997,38914500
5/31/17,67.538002,68.578003,67.031998,68.202003,68.202003,49817000
6/1/17,68.800003,68.975998,67.458,68.073997,68.073997,38040000
6/2/17,67.954002,68.575996,67.185997,67.970001,67.970001,27951000
6/5/17,67.699997,69.688004,66.842003,69.463997,69.463997,33922000
6/6/17,68.940002,71.898003,67.994003,70.57,70.57,55434000
6/7/17,71.267998,72.099998,71.028,71.93,71.93,46990000
6/8/17,72.75,74.379997,72.043999,74,74,45307500
6/9/17,74.884003,75.374001,70.959999,71.463997,71.463997,86307000
6/12/17,71.598,72.900002,70.124001,71.802002,71.802002,52588500
6/13/17,73.524002,75.199997,73.321999,75.190002,75.190002,59039500
6/14/17,76.218002,76.849998,75.262001,76.132004,76.132004,64092000
6/15/17,74.5,75.092003,73.297997,75.068001,75.068001,52132500
6/16/17,75.596001,75.601997,74.019997,74.279999,74.279999,33655000
6/19/17,75,75.339996,73.559998,73.959999,73.959999,32746500
6/20/17,75.334,75.776001,73.945999,74.447998,74.447998,37193500
6/21/17,74.870003,75.398003,73.603996,75.279999,75.279999,24616000
6/22/17,75.598,77,74.713997,76.522003,76.522003,37649000
6/23/17,76.489998,77.398003,75.870003,76.690002,76.690002,32229000
6/26/17,77.337997,77.389999,74.620003,75.498001,75.498001,33020500
6/27/17,75.279999,75.279999,72.403999,72.473999,72.473999,34982000
6/28/17,73.335999,74.348,72.503998,74.248001,74.248001,31512500
6/29/17,74.122002,74.199997,70.82,72.150002,72.150002,41105000
6/30/17,72.741997,73.353996,71.924004,72.321999,72.321999,29242500
7/3/17,74.047997,74.269997,70.300003,70.524002,70.524002,31527000
7/5/17,69.440002,69.447998,65.265999,65.417999,65.417999,85233500
7/6/17,63.452,64.157997,61.259998,61.765999,61.765999,96622500
7/7/17,62.700001,63.400002,61.476002,62.644001,62.644001,70884500
7/10/17,62.580002,63.588001,60.625999,63.209999,63.209999,69104500
7/11/17,63.200001,65.456001,62.860001,65.444,65.444,57797000
7/12/17,66.080002,66.620003,64.900002,65.903999,65.903999,51730500
7/13/17,66.022003,66.32,63.993999,64.681999,64.681999,42972500
7/14/17,64.638,65.683998,64.244003,65.556,65.556,28126000
7/17/17,65.108002,65.419998,62.689999,63.914001,63.914001,49384500
7/18/17,63.5,65.825996,63.132,65.648003,65.648003,31868500
7/19/17,65.646004,66.330002,64.643997,65.052002,65.052002,31785000
7/20/17,65.379997,66.043999,64.839996,65.984001,65.984001,25831000
7/21/17,65.891998,66.251999,65.160004,65.68,65.68,24508000
7/24/17,66.047997,68.68,66.001999,68.503998,68.503998,43185500
7/25/17,69,69.120003,66.830002,67.919998,67.919998,34946000
7/26/17,68.071999,69.099998,67.624001,68.769997,68.769997,24104000
7/27/17,69.199997,69.5,65.258003,66.891998,66.891998,41512000
7/28/17,67.377998,67.919998,66.501999,67.014,67.014,24402000
7/31/17,67.099998,68.297997,64.208,64.694,64.694,42675500
8/1/17,64.599998,64.889999,63.226002,63.914001,63.914001,41515500
8/2/17,63.787998,65.424004,62.243999,65.178001,65.178001,65457500
8/3/17,69.066002,70,68.629997,69.417999,69.417999,67675000
8/4/17,69.400002,71.454002,68.660004,71.382004,71.382004,46344500
8/7/17,71.470001,71.896004,70.550003,71.033997,71.033997,31622500
8/8/17,71.505997,73.716003,71.480003,73.043999,73.043999,37249000
8/9/17,72.199997,74,71.790001,72.706001,72.706001,34460500
8/10/17,72.32,73.330002,70.931999,71.080002,71.080002,35464500
8/11/17,71.393997,72.251999,70.723999,71.573997,71.573997,21829000
8/14/17,72.926003,73.531998,72.519997,72.760002,72.760002,22596000
8/15/17,73.040001,73.098,71.874001,72.466003,72.466003,15425500
8/16/17,72.599998,73.300003,72.503998,72.582001,72.582001,17069000
8/17/17,72.241997,72.660004,70.318001,70.384003,70.384003,25138500
8/18/17,70.582001,70.800003,69.160004,69.491997,69.491997,27041000
8/21/17,69.164001,69.164001,66.370003,67.571999,67.571999,32477000
8/22/17,68.225998,68.447998,67.473999,68.269997,68.269997,21610000
8/23/17,67.797997,70.697998,67.660004,70.554001,70.554001,24772500
8/24/17,70.503998,71.332001,69.947998,70.585999,70.585999,22923500
8/25/17,70.848,71.138,69.459999,69.610001,69.610001,17420000
8/28/17,69.456001,69.470001,67.944,69.132004,69.132004,18820000
8/29/17,67.896004,69.809998,67.75,69.472,69.472,20368500
8/30/17,69.933998,70.694,69.400002,70.636002,70.636002,17064500
8/31/17,70.709999,71.688004,70.564003,71.18,71.18,20364000
9/1/17,71.223999,71.517998,70.737999,71.080002,71.080002,15247500
9/5/17,70.760002,71.098,69.178001,69.917999,69.917999,19175500
9/6/17,69.900002,70.195999,68.311996,68.905998,68.905998,20457000
9/7/17,69.195999,70.496002,68.690002,70.122002,70.122002,21196000
9/8/17,69.797997,69.956001,68.459999,68.68,68.68,16317500
9/11/17,70.269997,72.741997,70,72.737999,72.737999,38335500
9/12/17,72.898003,73.751999,72.080002,72.550003,72.550003,29864500
9/13/17,72.764,73.613998,71.917999,73.246002,73.246002,20926000
9/14/17,72.865997,75.592003,72.526001,75.528,75.528,36012500
9/15/17,74.902,76,74.540001,75.961998,75.961998,27102500
9/18/17,76.050003,77.921997,75.536003,77,77,35940000
9/19/17,76,76.477997,74.713997,75.019997,75.019997,32259500
9/20/17,74.599998,75.650002,74.213997,74.781998,74.781998,24595500
9/21/17,74.980003,75.365997,72.902,73.295998,73.295998,23091000
9/22/17,73.297997,73.980003,70.176003,70.218002,70.218002,40797000
9/25/17,70.629997,71.494003,68.575996,68.998001,68.998001,38029500
9/26/17,70.185997,70.248001,68.18,69.050003,69.050003,35781500
9/27/17,69.980003,70.297997,68.099998,68.194,68.194,30301500
9/28/17,67.975998,68.550003,67.080002,67.919998,67.919998,26598000
9/29/17,68.372002,68.935997,67.720001,68.220001,68.220001,25535500
10/2/17,68.503998,68.739998,67.101997,68.306,68.306,26434000
10/3/17,67.18,69.709999,66.255997,69.627998,69.627998,50768000
10/4/17,70.25,71.723999,69.919998,71.001999,71.001999,40817500
10/5/17,71.199997,71.487999,70.269997,71.066002,71.066002,20858500
10/6/17,70.620003,72.019997,70.449997,71.375999,71.375999,21487500
10/9/17,69.93,70.349998,68.533997,68.587997,68.587997,37468500
10/10/17,69.360001,71.125999,69.106003,71.117996,71.117996,34892500
10/11/17,70.778,71.519997,70.230003,70.919998,70.919998,22504000
10/12/17,70.589996,71.956001,70.528,71.136002,71.136002,20435000
10/13/17,71.396004,71.697998,70.736,71.113998,71.113998,17702500
10/16/17,70.751999,70.896004,69.431999,70.120003,70.120003,26877500
10/17/17,70.181999,71.244003,70.014,71.150002,71.150002,16466500
10/18/17,71.194,72.599998,70.825996,71.93,71.93,24695500
10/19/17,71.112,71.43,69.639999,70.362,70.362,25309000
10/20/17,70.538002,70.910004,68.867996,69.019997,69.019997,24652000
10/23/17,69.975998,69.989998,67.25,67.403999,67.403999,28736500
10/24/17,67.760002,68.559998,67.232002,67.468002,67.468002,22458500
10/25/17,67.339996,67.5,64.711998,65.167999,65.167999,42970500
10/26/17,65.556,66.045998,64.639999,65.234001,65.234001,25117500
10/27/17,63.950001,64.917999,63.332001,64.174004,64.174004,34898500
10/30/17,63.835999,64.755997,63.450001,64.015999,64.015999,21272000
10/31/17,64.045998,66.389999,64.036003,66.306,66.306,28361500
11/1/17,66.449997,66.522003,64.052002,64.216003,64.216003,42286500
11/2/17,60.026001,61.737999,58.526001,59.852001,59.852001,98957000
11/3/17,59.900002,61.25,59.026001,61.217999,61.217999,44470000
11/6/17,61.400002,61.5,59.801998,60.556,60.556,32430000
11/7/17,60.203999,61.299999,60.006001,61.209999,61.209999,26471500
11/8/17,61.099998,61.377998,60.259998,60.877998,60.877998,23626500
11/9/17,60.5,60.891998,59.259998,60.598,60.598,27235500
11/10/17,60.5,61.672001,60.369999,60.598,60.598,23127000
11/13/17,60.026001,63.360001,59.821999,63.080002,63.080002,37924500
11/14/17,63,63.27,61.380001,61.740002,61.740002,28380500
11/15/17,61.202,62.498001,60.299999,62.259998,62.259998,29893500
11/16/17,62.798,63.627998,62.259998,62.5,62.5,29110500
11/17/17,65.134003,65.334,62.630001,63.009998,63.009998,68675500
11/20/17,62.757999,63.099998,60.950001,61.748001,61.748001,41238500
11/21/17,62.172001,63.646,61.742001,63.562,63.562,36306500
11/22/17,63.354,63.484001,62.368,62.52,62.52,24588000
11/24/17,62.757999,63.282001,62.200001,63.110001,63.110001,16220500
11/27/17,62.650002,63.467999,61.902,63.362,63.362,22779500
11/28/17,63.271999,64,62.784,63.509998,63.509998,24747500
11/29/17,63.459999,63.599998,60.245998,61.507999,61.507999,43837000
11/30/17,61.712002,62.139999,60.908001,61.77,61.77,21758000
12/1/17,61.088001,62.063999,61.009998,61.306,61.306,21464500
12/4/17,61.299999,61.653999,60.122002,61.040001,61.040001,29175500
12/5/17,60.400002,61.599998,60.200001,60.740002,60.740002,23232500
12/6/17,60.02,62.678001,60,62.652,62.652,35976500
12/7/17,62.400002,63.726002,62.209999,62.248001,62.248001,23903000
12/8/17,62.919998,63.396,62.251999,63.026001,63.026001,17342500
12/11/17,62.925999,65.802002,62.75,65.781998,65.781998,39690000
12/12/17,66.089996,68.288002,66.005997,68.206001,68.206001,43666000
12/13/17,68.185997,68.844002,67.300003,67.806,67.806,31107500
12/14/17,68.202003,69.487999,67.379997,67.578003,67.578003,28999500
12/15/17,68.407997,68.779999,67.152,68.690002,68.690002,34666000
12/18/17,68.980003,69.346001,67.515999,67.774002,67.774002,27381000
12/19/17,68.052002,68.297997,66.059998,66.220001,66.220001,34125000
12/20/17,66.538002,66.620003,65.008003,65.795998,65.795998,29769000
12/21/17,65.917999,66.748001,65.442001,66.332001,66.332001,21926000
12/22/17,65.902,66.183998,64.963997,65.040001,65.040001,21079000
12/26/17,64.765999,64.788002,63.316002,63.458,63.458,21892000
12/27/17,63.200001,63.535999,62.150002,62.327999,62.327999,23560500
12/28/17,62.349998,63.164001,61.908001,63.071999,63.071999,21581500
12/29/17,63.236,63.282001,62,62.27,62.27,18886000
1/2/18,62.400002,64.421997,62.200001,64.106003,64.106003,21761000
1/3/18,64.199997,65.050003,63.110001,63.450001,63.450001,22607500
1/4/18,62.574001,63.709999,61.136002,62.924,62.924,49731500
1/5/18,63.324001,63.448002,62.400002,63.316002,63.316002,22956000
1/8/18,63.200001,67.403999,63.099998,67.281998,67.281998,49297000
1/9/18,67.031998,67.760002,65.480003,66.737999,66.737999,35733000
1/10/18,66.440002,67.400002,66,66.959999,66.959999,21549500
1/11/18,67.047997,68.961998,66.652,67.589996,67.589996,33227500
1/12/18,67.725998,68.082001,66.734001,67.244003,67.244003,24125500
1/16/18,67.508003,69,66.959999,68.012001,68.012001,32371500
1/17/18,68.094002,69.800003,67.949997,69.431999,69.431999,35517500
1/18/18,69.134003,70.459999,68.748001,68.914001,68.914001,28429000
1/19/18,69,70.117996,68.519997,70.003998,70.003998,24441500
1/22/18,69.879997,71.566002,69.839996,70.311996,70.311996,31052000
1/23/18,72,72.099998,70.199997,70.557999,70.557999,27327000
1/24/18,70.916,70.949997,68.704002,69.178001,69.178001,26437500
1/25/18,69.653999,69.839996,67.279999,67.528,67.528,33701500
1/26/18,68.300003,68.800003,67.141998,68.57,68.57,22697000
1/29/18,67.970001,70.169998,67.655998,69.905998,69.905998,23735500
1/30/18,69.028,69.653999,68.433998,69.164001,69.164001,23588500
1/31/18,69.501999,71.237999,69.038002,70.862,70.862,31070500
2/1/18,70.199997,71.931999,69.725998,69.849998,69.849998,20988500
2/2/18,69.688004,70.389999,68.101997,68.75,68.75,18524000
2/5/18,67.594002,68.893997,66.599998,66.625999,66.625999,22320500
2/6/18,65.042,67.244003,64.699997,66.793999,66.793999,25442000
2/7/18,67.797997,69.199997,67.132004,69,69,34846000
2/8/18,68.662003,69.723999,62.919998,63.046001,63.046001,51573000
2/9/18,63.986,64.195999,58.952,62.084,62.084,64668500
2/12/18,63.226002,63.616001,61.25,63.146,63.146,31139000
2/13/18,63.004002,64.837997,62.501999,64.732002,64.732002,22801000
2/14/18,64.167999,65.234001,63.703999,64.461998,64.461998,19753500
2/15/18,64.900002,66.823997,64.480003,66.814003,66.814003,29564500
2/16/18,66.5,68.624001,66.328003,67.098,67.098,28213000
2/20/18,66.893997,68.167999,66.300003,66.954002,66.954002,20047000
2/21/18,67.206001,67.938004,66.634003,66.660004,66.660004,16098000
2/22/18,67.106003,69.487999,66.949997,69.234001,69.234001,34849000
2/23/18,69.566002,70.998001,69.419998,70.410004,70.410004,29087000
2/26/18,70.699997,71.800003,70.472,71.484001,71.484001,21700000
2/27/18,71.25,71.998001,70.001999,70.197998,70.197998,23987000
2/28/18,70.514,71.047997,68.444,68.612,68.612,30348500
3/1/18,69.001999,69.734001,66.014,66.185997,66.185997,34428000
3/2/18,65.396004,67.043999,64.594002,67.024002,67.024002,25464000
3/5/18,66.477997,67.550003,65.858002,66.669998,66.669998,19119000
3/6/18,66.75,67.274002,65.405998,65.639999,65.639999,21428500
3/7/18,65.087997,66.5,64.348,66.459999,66.459999,25036500
3/8/18,66.571999,66.660004,65.253998,65.82,65.82,17831000
3/9/18,64.82,65.697998,64.473999,65.433998,65.433998,27534000
3/12/18,65.722,69.442001,65.300003,69.101997,69.101997,41320000
3/13/18,65.722,69.442001,65.300003,68.367996,68.367996,29829000
3/14/18,67.351997,67.961998,64.786003,65.325996,65.325996,39837000
3/15/18,65.875999,66.57,64.220001,65.120003,65.120003,32824000
3/16/18,64.585999,65.480003,63.813999,64.269997,64.269997,30586500
3/19/18,63.299999,64.150002,61.933998,62.712002,62.712002,37421500
3/20/18,62.973999,63.25,61.751999,62.110001,62.110001,23821500
3/21/18,62.049999,64.487999,62.037998,63.306,63.306,29792000
3/22/18,62.778,63.764,61.636002,61.82,61.82,24699000
3/23/18,62.25,62.25,60.09,60.307999,60.307999,33274500
3/26/18,61.467999,61.518002,58.271999,60.835999,60.835999,41876000
3/27/18,60.799999,60.854,55.436001,55.835999,55.835999,69360000
3/28/18,52.916,53.736,50.419998,51.556,51.556,105007000
3/29/18,51.298,54.192001,49.641998,53.226002,53.226002,75853500
4/2/18,51.251999,52.066002,48.917999,50.495998,50.495998,80570000
4/3/18,53.964001,54.669998,50.897999,53.506001,53.506001,94222000
4/4/18,50.556,57.674,50.400002,57.388,57.388,99483500
4/5/18,57.868,61.251999,57.639999,61.144001,61.144001,95605500
4/6/18,60.200001,61.855999,59.099998,59.860001,59.860001,67601500
4/9/18,60.074001,61.900002,57.841999,57.931999,57.931999,51249000
4/10/18,59.793999,61.419998,58.736,60.939999,60.939999,54949000
4/11/18,60.147999,61.796001,59.931999,60.186001,60.186001,37414500
4/12/18,60.464001,60.790001,58.736,58.816002,58.816002,38044000
4/13/18,60.720001,60.790001,59.195999,60.068001,60.068001,36636000
4/16/18,59.799999,59.931999,57.801998,58.242001,58.242001,31692500
4/17/18,57.773998,58.433998,56.501999,57.537998,57.537998,35000000
4/18/18,58.216,60.048,57.632,58.669998,58.669998,32788500
4/19/18,58.216,60.202,57.709999,60.015999,60.015999,30453000
4/20/18,59.034,59.995998,57.950001,58.048,58.048,28139500
4/23/18,58.257999,58.324001,56.466,56.674,56.674,24467000
4/24/18,57,57.417999,55.692001,56.692001,56.692001,28426500
4/25/18,56.700001,57.032001,55.450001,56.138,56.138,20068000
4/26/18,55.75,57.158001,55.299999,57.096001,57.096001,21780000
4/27/18,57.074001,58.894001,56.765999,58.816002,58.816002,21823000
4/30/18,58.722,59.745998,58.5,58.779999,58.779999,21141000
5/1/18,58.702,60.164001,58.644001,59.984001,59.984001,23128000
5/2/18,59.714001,61.369999,59.556,60.23,60.23,44852000
5/3/18,55.757999,57.608002,55.046001,56.889999,56.889999,86760500
5/4/18,56.599998,59.372002,55.903999,58.818001,58.818001,42847000
5/7/18,59.5,61.192001,59.034,60.554001,60.554001,43391000
5/8/18,60.16,61.549999,59.799999,60.394001,60.394001,29650000
5/9/18,60.082001,61.402,60.009998,61.369999,61.369999,28637000
5/10/18,61.5,62.598,60.821999,61.004002,61.004002,28258000
5/11/18,61.540001,61.776001,59.816002,60.212002,60.212002,23398000
5/14/18,60.664001,60.987999,58.324001,58.394001,58.394001,36434000
5/15/18,57.001999,57.391998,56.099998,56.835999,56.835999,47596000
5/16/18,56.765999,57.762001,56.312,57.296001,57.296001,28370000
5/17/18,57.18,57.838001,56.793999,56.908001,56.908001,22103000
5/18/18,56.93,56.93,54.799999,55.363998,55.363998,36259500
5/21/18,56.265999,58.298,56.259998,56.897999,56.897999,45913000
5/22/18,57.551998,57.599998,54.683998,55.001999,55.001999,44729000
5/23/18,55.551998,55.981998,54.799999,55.813999,55.813999,29925500
5/24/18,55.68,56.222,54.978001,55.57,55.57,20883500
5/25/18,55.526001,55.928001,55.122002,55.77,55.77,19375500
5/29/18,55.702,57.299999,55.23,56.751999,56.751999,28333000
5/30/18,56.658001,59.001999,56.32,58.344002,58.344002,37448500
5/31/18,57.442001,58.074001,56.585999,56.945999,56.945999,29598500
6/1/18,57.172001,58.389999,56.768002,58.363998,58.363998,27122000
6/4/18,58.868,59.799999,58.709999,59.348,59.348,23989000
6/5/18,59.540001,59.560001,57.348,58.226002,58.226002,29976000
6/6/18,60.099998,64.433998,59.495998,63.900002,63.900002,93836500
6/7/18,63.23,66,62.716,63.217999,63.217999,71726500
6/8/18,63.799999,64.896004,63.43,63.532001,63.532001,41026000
6/11/18,64.501999,66.931999,64.5,66.419998,66.419998,65917500
6/12/18,68.940002,70.994003,67.599998,68.554001,68.554001,111737000
6/13/18,69.342003,69.440002,67.959999,68.956001,68.956001,47349000
6/14/18,69.526001,71.75,69.32,71.543999,71.543999,54905000
6/15/18,70.767998,72.933998,70.25,71.634003,71.634003,54241500
6/18/18,71.080002,74.746002,70.900002,74.166,74.166,60366000
6/19/18,73.031998,74,69.25,70.510002,70.510002,63809500
6/20/18,71.608002,72.875999,70.400002,72.444,72.444,41918500
6/21/18,72.400002,73.241997,69.253998,69.501999,69.501999,39835500
6/22/18,70.307999,70.449997,66.400002,66.725998,66.725998,51330500
6/25/18,66.024002,67.694,65.5,66.601997,66.601997,34656500
6/26/18,67.209999,68.709999,65.160004,68.400002,68.400002,37262500
6/27/18,69,70.157997,67.900002,68.900002,68.900002,41668500
6/28/18,69.732002,71.403999,69.222,69.986,69.986,41990000
6/29/18,70.666,70.772003,68.482002,68.589996,68.589996,32462000
7/2/18,72.014,72.956001,65.970001,67.014,67.014,93799000
7/3/18,66.349998,66.498001,61.938,62.172001,62.172001,61413000
7/5/18,62.751999,62.877998,59.243999,61.832001,61.832001,87382000
7/6/18,60.990002,62.414001,60.400002,61.779999,61.779999,44327500
7/9/18,62.397999,63.703999,61.599998,63.702,63.702,37984000
7/10/18,64.912003,65.536003,63.84,64.494003,64.494003,47357500
7/11/18,63.16,64.388,63.014,63.792,63.792,24420500
7/12/18,64.286003,64.646004,62.554001,63.341999,63.341999,28606000
7/13/18,63.116001,63.916,61.849998,63.773998,63.773998,29349000
7/16/18,62.341999,63.032001,61.25,62.02,62.02,39093500
7/17/18,61.762001,64.947998,61.700001,64.538002,64.538002,34981000
7/18/18,65,65.099998,63.25,64.769997,64.769997,28121000
7/19/18,63.265999,64.708,62.801998,64.045998,64.045998,29576500
7/20/18,64.246002,64.648003,62.341999,62.716,62.716,25811000
7/23/18,60.368,61.099998,58.571999,60.639999,60.639999,54964500
7/24/18,60.883999,61.543999,58.509998,59.486,59.486,47954000
7/25/18,59.348,61.924,58.900002,61.748001,61.748001,35377000
7/26/18,60.970001,62.139999,60.728001,61.330002,61.330002,23152500
7/27/18,61.450001,61.537998,59.068001,59.436001,59.436001,28516500
7/30/18,59.18,59.220001,57.226002,58.034,58.034,34070500
7/31/18,58.450001,59.664001,57.813999,59.627998,59.627998,25384500
8/1/18,59.598,60.599998,58.599998,60.167999,60.167999,50647000
8/2/18,65.688004,69.998001,64.632004,69.907997,69.907997,116075000
8/3/18,69.561996,71,68.505997,69.634003,69.634003,68282500
8/6/18,69.092003,70.996002,68.363998,68.398003,68.398003,42821500
8/7/18,68.767998,77.491997,67.830002,75.914001,75.914001,154379000
8/8/18,73.818001,76.528,73.424004,74.068001,74.068001,122856000
8/9/18,73.110001,73.402,69.146004,70.489998,70.489998,85919000
8/10/18,70.800003,72,69.199997,71.098,71.098,57760000
8/13/18,72.225998,72.638,69.804001,71.281998,71.281998,52319500
8/14/18,71.690002,71.839996,69.419998,69.528,69.528,34932000
8/15/18,68.382004,68.898003,66.428001,67.737999,67.737999,45506500
8/16/18,67.982002,68.456001,66.764,67.089996,67.089996,30320000
8/17/18,64.699997,65.353996,60.706001,61.099998,61.099998,94793000
8/20/18,58.34,61.700001,57.639999,61.688,61.688,87011500
8/21/18,62.122002,64.958,61.799999,64.379997,64.379997,65861000
8/22/18,64.174004,64.776001,62.933998,64.328003,64.328003,29730000
8/23/18,63.827999,65.463997,63.619999,64.019997,64.019997,25736500
8/24/18,64.139999,64.769997,63.880001,64.564003,64.564003,18013000
8/27/18,63.599998,64.487999,61.762001,63.854,63.854,65396500
8/28/18,63.681999,63.776001,62.237999,62.372002,62.372002,38245500
8/29/18,62.054001,62.369999,60.737999,61.001999,61.001999,37237000
8/30/18,60.452,60.919998,59.543999,60.630001,60.630001,36083500
8/31/18,60.400002,61.062,59.720001,60.332001,60.332001,26875500
9/4/18,59.388,59.638,57.599998,57.790001,57.790001,41752500
9/5/18,57.009998,57.355999,55.436001,56.147999,56.147999,38604000
9/6/18,56.959999,58.234001,55.776001,56.189999,56.189999,37404000
9/7/18,52.02,53.669998,50.450001,52.647999,52.647999,112459500
9/10/18,54.652,57.206001,54.200001,57.099998,57.099998,71417500
9/11/18,55.894001,56.400002,54.709999,55.888,55.888,45850000
9/12/18,56.287998,58.5,55.73,58.108002,58.108002,50077000
9/13/18,57.604,59,57.035999,57.891998,57.891998,31701500
9/14/18,57.751999,59.466,57.304001,59.040001,59.040001,33828000
9/17/18,58.007999,60.174,57.625999,58.967999,58.967999,34438000
9/18/18,59.338001,60.528,55.099998,56.992001,56.992001,82737500
9/19/18,56.102001,60,56.099998,59.804001,59.804001,41474500
9/20/18,60.712002,61.195999,58.666,59.666,59.666,36747000
9/21/18,59.540001,60.116001,59.074001,59.82,59.82,25252500
9/24/18,59.695999,60.599998,58.716,59.936001,59.936001,24215000
9/25/18,60,60.919998,59.299999,60.198002,60.198002,22408500
9/26/18,60.382,62.778,60.222,61.916,61.916,39216000
9/27/18,62.580002,62.992001,61.382,61.504002,61.504002,42545500
9/28/18,54.051998,55.599998,52.112,52.953999,52.953999,168248500
10/1/18,61.153999,62.287998,60.209999,62.139999,62.139999,108888000
10/2/18,62.790001,63.368,59.830002,60.203999,60.203999,58717500
10/3/18,60.666,60.919998,58.313999,58.959999,58.959999,39975000
10/4/18,58.790001,58.799999,55.534,56.366001,56.366001,49071000
10/5/18,54.93,54.976002,52,52.389999,52.389999,89722500
10/8/18,52.903999,53.551998,49.799999,50.112,50.112,67363500
10/9/18,51.049999,53.354,50.66,52.560001,52.560001,60303000
10/10/18,52.922001,53.102001,49.554001,51.375999,51.375999,64076500
10/11/18,51.506001,52.450001,49.806,50.445999,50.445999,40838500
10/12/18,52.200001,52.397999,50.402,51.756001,51.756001,36007000
10/15/18,51.812,52.655998,50.908001,51.917999,51.917999,31000000
10/16/18,53.139999,55.476002,52.448002,55.318001,55.318001,47632000
10/17/18,56.48,56.540001,53.16,54.355999,54.355999,43277500
10/18/18,53.858002,54.200001,52.599998,52.782001,52.782001,27106000
10/19/18,53.478001,53.931999,50.700001,52,52,46877500
10/22/18,52.136002,52.372002,50.518002,52.189999,52.189999,28001500
10/23/18,52.773998,59.585999,52.419998,58.827999,58.827999,95139000
10/24/18,60.209999,60.888,57.146,57.700001,57.700001,100291500
10/25/18,63.444,64.199997,60.202,62.972,62.972,104203500
10/26/18,61.650002,67.980003,61.330002,66.18,66.18,137127500
10/29/18,67.494003,69.431999,65.300003,66.970001,66.970001,72430000
10/30/18,65.678001,67.580002,64.452003,65.980003,65.980003,45633500
10/31/18,66.508003,68.400002,65.82,67.463997,67.463997,38121500
11/1/18,67.652,69.568001,66.945999,68.856003,68.856003,40000500
11/2/18,68.748001,69.839996,68.181999,69.281998,69.281998,39040000
11/5/18,68.099998,68.792,66.028,68.279999,68.279999,39155000
11/6/18,67.814003,69.760002,67.218002,68.211998,68.211998,33814500
11/7/18,68.667999,70.236,68.160004,69.632004,69.632004,36872500
11/8/18,69.699997,71.515999,69.688004,70.279999,70.279999,35453500
11/9/18,69.800003,70.800003,69.045998,70.101997,70.101997,25494000
11/12/18,69.674004,69.956001,66.068001,66.255997,66.255997,34707500
11/13/18,66.632004,68.940002,66.440002,67.746002,67.746002,27243000
11/14/18,68.540001,69.421997,67.43,68.800003,68.800003,25201500
11/15/18,68.466003,69.716003,67.807999,69.688004,69.688004,23128500
11/16/18,69.038002,71.139999,69.024002,70.862,70.862,36031000
11/19/18,71.267998,73.349998,70.575996,70.694,70.694,48544500
11/20/18,68.349998,69.959999,66.709999,69.498001,69.498001,40023500
11/21/18,70.400002,70.620003,67.480003,67.638,67.638,23434000
11/23/18,66.870003,67.5,65.110001,65.166,65.166,21013000
11/26/18,65,69.244003,65,69.199997,69.199997,39960500
11/27/18,68.010002,69.391998,67.099998,68.783997,68.783997,31791500
11/28/18,69.197998,69.655998,68.442001,69.573997,69.573997,20638000
11/29/18,69.400002,69.5,67.910004,68.234001,68.234001,15403500
11/30/18,68.365997,70.32,67.652,70.096001,70.096001,28145500
12/3/18,72,73.199997,70.400002,71.697998,71.697998,41532500
12/4/18,71.209999,73.736,70.400002,71.940002,71.940002,42309500
12/6/18,71.202003,73.475998,70.152,72.612,72.612,39212500
12/7/18,73.800003,75.898003,71.529999,71.594002,71.594002,57556000
12/10/18,72,73.195999,70.624001,73.029999,73.029999,33067500
12/11/18,73.982002,74.433998,72.045998,73.351997,73.351997,31544000
12/12/18,73.884003,74.382004,73.031998,73.32,73.32,25135000
12/13/18,74.029999,75.487999,73.349998,75.358002,75.358002,36829500
12/14/18,75,75.573997,72.865997,73.141998,73.141998,31688000
12/17/18,72.400002,73.139999,68.776001,69.683998,69.683998,38370000
12/18/18,70.108002,70.309998,66.737999,67.405998,67.405998,35500000
12/19/18,67.519997,69.402,65.947998,66.594002,66.594002,41371000
12/20/18,65.410004,66.057999,62.374001,63.076,63.076,45359500
12/21/18,63.48,64.694,62.487999,63.953999,63.953999,40084000
12/24/18,62.700001,62.900002,59.040001,59.077999,59.077999,27799500
12/26/18,60,65.393997,58.818001,65.218002,65.218002,40815500
12/27/18,63.967999,64.433998,60.299999,63.226002,63.226002,42875500
12/28/18,64.620003,67.248001,63.681999,66.774002,66.774002,49695000
12/31/18,67.557999,67.842003,65.052002,66.559998,66.559998,31511500
1/2/19,61.220001,63.026001,59.759998,62.023998,62.023998,58293000
1/3/19,61.400002,61.880001,59.476002,60.071999,60.071999,34826000
1/4/19,61.200001,63.599998,60.546001,63.537998,63.537998,36970500
1/7/19,64.344002,67.348,63.549999,66.991997,66.991997,37756000
1/8/19,68.391998,68.802002,65.403999,67.07,67.07,35042500
1/9/19,67.099998,68.699997,66.293999,67.706001,67.706001,27164500
1/10/19,66.879997,69.078003,66.358002,68.994003,68.994003,30282000
1/11/19,68.417999,69.681999,67.753998,69.452003,69.452003,25195500
1/14/19,68.475998,68.5,66.800003,66.879997,66.879997,26236500
1/15/19,67,69.760002,66.900002,68.886002,68.886002,30283000
1/16/19,68.956001,70.400002,68.699997,69.209999,69.209999,23458500
1/17/19,69.241997,70.300003,68.830002,69.461998,69.461998,18383500
1/18/19,64.599998,65.426003,59.945999,60.452,60.452,120754000
1/22/19,60.964001,61.599998,59.099998,59.784,59.784,60333500
1/23/19,58.5,58.900002,56.338001,57.518002,57.518002,62650000
1/24/19,56.605999,58.736,55.855999,58.301998,58.301998,40061000
1/25/19,58.877998,59.703999,57.91,59.408001,59.408001,36248000
1/28/19,58.582001,59.492001,57.549999,59.276001,59.276001,32116500
1/29/19,59.054001,59.712002,58.360001,59.492001,59.492001,23108500
1/30/19,60.09,61.799999,59.698002,61.754002,61.754002,56251500
1/31/19,60.200001,62.312,58.799999,61.403999,61.403999,62846000
2/1/19,61.084,63.220001,60.700001,62.442001,62.442001,36417000
2/4/19,62.596001,63.060001,60.375999,62.577999,62.577999,36760500
2/5/19,62.498001,64.487999,62.450001,64.269997,64.269997,33714000
2/6/19,63.917999,64.848,63.124001,63.444,63.444,25192500
2/7/19,62.66,62.939999,60.599998,61.501999,61.501999,32603000
2/8/19,61.366001,61.490002,59.700001,61.16,61.16,29221000
2/11/19,62.32,63.720001,62.099998,62.568001,62.568001,35648500
2/12/19,63.240002,63.638,61.924,62.362,62.362,27588000
2/13/19,62.470001,62.549999,61.113998,61.633999,61.633999,25708000
2/14/19,60.675999,61.354,60.200001,60.754002,60.754002,26004000
2/15/19,60.900002,61.599998,60.779999,61.576,61.576,19524500
2/19/19,61.312,62.307999,61.094002,61.127998,61.127998,20842000
2/20/19,60.882,61.259998,59.799999,60.512001,60.512001,35710500
2/21/19,60.362,60.647999,58.099998,58.245998,58.245998,44546000
2/22/19,58.897999,59.299999,58.419998,58.942001,58.942001,28703000
2/25/19,59.582001,60.580002,59.400002,59.754002,59.754002,33132500
2/26/19,58.444,60.402,57.754002,59.571999,59.571999,42912500
2/27/19,60.355999,63.259998,60.110001,62.948002,62.948002,55919500
2/28/19,63.784,64,62.161999,63.976002,63.976002,52603500
3/1/19,61.388,61.425999,58.380001,58.958,58.958,114557000
3/4/19,59.624001,59.799999,56.556,57.071999,57.071999,85484000
3/5/19,56.400002,56.799999,54.02,55.307999,55.307999,93823500
3/6/19,55.296001,56.301998,54.877998,55.248001,55.248001,51677500
3/7/19,55.768002,56.939999,54.849998,55.318001,55.318001,47212500
3/8/19,55.382,57.118,55.178001,56.827999,56.827999,44098000
3/11/19,56.703999,58.256001,56.099998,58.183998,58.183998,36961500
3/12/19,57.298,57.613998,56.212002,56.672001,56.672001,37520500
3/13/19,56.779999,58.397999,56.540001,57.792,57.792,34223500
3/14/19,58.490002,59.077999,57.658001,57.992001,57.992001,35517000
3/15/19,56.702,56.743999,54.880001,55.085999,55.085999,73927500
3/18/19,55.200001,55.610001,53.459999,53.897999,53.897999,51405000
3/19/19,53.5,54.66,52.692001,53.493999,53.493999,59003000
3/20/19,53.938,54.993999,53.259998,54.720001,54.720001,34541000
3/21/19,54.52,55.290001,53.689999,54.804001,54.804001,29735500
3/22/19,54.515999,54.560001,52.799999,52.905998,52.905998,43728000
3/25/19,51.942001,52.636002,50.891998,52.084,52.084,51075000
3/26/19,52.888,54.051998,52.886002,53.554001,53.554001,36754500
3/27/19,53.75,55.074001,53.636002,54.966,54.966,43896000
3/28/19,55.431999,56.066002,55.02,55.723999,55.723999,33870500
3/29/19,55.740002,56.032001,54.900002,55.972,55.972,29956500
4/1/19,56.523998,57.84,56.256001,57.835999,57.835999,40552000
4/2/19,57.66,57.888,56.776001,57.175999,57.175999,27394500
4/3/19,57.464001,59.234001,57.433998,58.362,58.362,39597000
4/4/19,52.377998,54.240002,52.118,53.556,53.556,118603500
4/5/19,53.972,55.220001,53.222,54.992001,54.992001,65191500
4/8/19,55.537998,56.231998,54.088001,54.639999,54.639999,52052000
4/9/19,54.330002,55,53.922001,54.462002,54.462002,29520000
4/10/19,55.348,55.675999,54.577999,55.212002,55.212002,35306500
4/11/19,53.66,54.099998,53.119999,53.683998,53.683998,49179500
4/12/19,54.043999,54.389999,53.366001,53.540001,53.540001,33730000
4/15/19,53.726002,53.776001,51.726002,53.276001,53.276001,50193000
4/16/19,53.150002,55,52.944,54.672001,54.672001,36364500
4/17/19,54.950001,54.958,53.708,54.245998,54.245998,25632500
4/18/19,54.245998,54.967999,53.950001,54.652,54.652,29381500
4/22/19,53.799999,53.936001,52.495998,52.549999,52.549999,60735500
4/23/19,52.029999,53.119999,51.150002,52.779999,52.779999,54719500
4/24/19,52.77,53.063999,51.599998,51.731998,51.731998,53637500
4/25/19,51,51.799999,49.214001,49.526001,49.526001,109247000
4/26/19,49.299999,49.335999,46.226002,47.028,47.028,111803500
4/29/19,47.172001,48.796001,46.433998,48.293999,48.293999,83572500
4/30/19,48.411999,48.841999,47.400002,47.737999,47.737999,47323000
5/1/19,47.77,48,46.299999,46.801998,46.801998,53522000
5/2/19,49.104,49.425999,47.543999,48.82,48.82,90796500
5/3/19,48.771999,51.321999,48.698002,51.006001,51.006001,118534000
5/6/19,50.004002,51.669998,49.700001,51.068001,51.068001,54169500
5/7/19,51.360001,51.442001,49.02,49.411999,49.411999,50657000
5/8/19,49.388,50.119999,48.84,48.967999,48.967999,30882000
5/9/19,48.400002,48.736,47.388,48.396,48.396,33557000
5/10/19,47.950001,48.397999,47.203999,47.903999,47.903999,35041500
5/13/19,46.402,46.493999,44.900002,45.402,45.402,54174000
5/14/19,45.860001,46.900002,45.599998,46.462002,46.462002,36262000
5/15/19,45.863998,46.487999,45.049999,46.389999,46.389999,36480000
5/16/19,45.897999,46.200001,45.299999,45.666,45.666,37416500
5/17/19,44.391998,44.448002,41.784,42.206001,42.206001,88933500
5/20/19,40.560001,41.200001,39.049999,41.071999,41.071999,102631000
5/21/19,39.551998,41.48,39.208,41.015999,41.015999,90019500
5/22/19,39.82,40.787998,38.355999,38.546001,38.546001,93426000
5/23/19,38.868,39.894001,37.243999,39.098,39.098,132735500
5/24/19,39.966,39.995998,37.75,38.125999,38.125999,70683000
5/28/19,38.240002,39,37.57,37.740002,37.740002,51564500
5/29/19,37.419998,38.478001,37.007999,37.972,37.972,59843000
5/30/19,37.75,38.452,37.403999,37.644001,37.644001,39632500
5/31/19,37.02,37.984001,36.82,37.032001,37.032001,52033500
6/3/19,37.102001,37.335999,35.397999,35.793999,35.793999,65322000
6/4/19,36.220001,38.796001,35.922001,38.720001,38.720001,69037500
6/5/19,39.736,40.256001,38.369999,39.318001,39.318001,67554000
6/6/19,40.888,42.200001,40.360001,41.189999,41.189999,101211000
6/7/19,41,42.167999,40.700001,40.900002,40.900002,80017500
6/10/19,42.049999,43.388,41.801998,42.576,42.576,52925000
6/11/19,43.827999,44.18,42.700001,43.419998,43.419998,58267500
6/12/19,44.59,44.675999,41.799999,41.852001,41.852001,75987500
6/13/19,42.076,42.98,41.501999,42.782001,42.782001,40841500
6/14/19,42.25,43.330002,42.080002,42.984001,42.984001,37167000
6/17/19,43.096001,45.400002,42.854,45.006001,45.006001,61584000
6/18/19,45.743999,46.948002,44.512001,44.948002,44.948002,63579000
6/19/19,45.021999,45.554001,44.212002,45.285999,45.285999,32875500
6/20/19,44.599998,45.380001,43.27,43.924,43.924,59317500
6/21/19,43.243999,44.436001,43.099998,44.372002,44.372002,41010500
6/24/19,44.647999,45.172001,44.203999,44.728001,44.728001,28754000
6/25/19,44.877998,45.068001,43.897999,43.952,43.952,30910500
6/26/19,44.062,45.445999,43.619999,43.854,43.854,42536000
6/27/19,43.889999,44.580002,43.470001,44.568001,44.568001,31698500
6/28/19,44.198002,45.034,44.16,44.692001,44.692001,34257000
7/1/19,46.042,46.619999,45.256001,45.433998,45.433998,41067000
7/2/19,45.778,45.830002,44.444,44.91,44.91,46295000
7/3/19,47.877998,48.313999,46.902,46.98,46.98,71005500
7/5/19,46.914001,47.09,46.16,46.619999,46.619999,35328500
7/8/19,46.248001,46.450001,45.731998,46.068001,46.068001,29402500
7/9/19,45.793999,46.200001,45.456001,46.012001,46.012001,30954000
7/10/19,46.830002,47.787998,46.627998,47.784,47.784,45728500
7/11/19,47.627998,48.299999,47.16,47.720001,47.720001,37572000
7/12/19,47.950001,49.076,47.942001,49.015999,49.015999,46002500
7/15/19,49.599998,50.883999,48.972,50.700001,50.700001,55000500
7/16/19,49.860001,50.706001,49.585999,50.476002,50.476002,40745000
7/17/19,51.133999,51.661999,50.669998,50.972,50.972,48823500
7/18/19,51.009998,51.150002,50.377998,50.708,50.708,23793000
7/19/19,51.138,51.992001,50.924,51.636002,51.636002,35242000
7/22/19,51.75,52.43,50.838001,51.136002,51.136002,34212000
7/23/19,51.341999,52.096001,50.900002,52.034,52.034,25115500
7/24/19,51.834,53.214001,51.632,52.976002,52.976002,55364000
7/25/19,46.700001,46.900002,45.110001,45.764,45.764,112091500
7/26/19,45.383999,46.051998,44.450001,45.608002,45.608002,50138500
7/29/19,45.417999,47.188,45.206001,47.153999,47.153999,46366500
7/30/19,46.580002,48.672001,46.436001,48.452,48.452,40545000
7/31/19,48.599998,49.335999,47.330002,48.321999,48.321999,45891000
8/1/19,48.529999,48.902,46.354,46.77,46.77,41297500
8/2/19,46.27,47.254002,45.846001,46.868,46.868,30682500
8/5/19,45.919998,46.273998,45.155998,45.664001,45.664001,35141500
8/6/19,46.375999,46.5,45.150002,46.150002,46.150002,27821000
8/7/19,45.299999,46.714001,45.16,46.683998,46.683998,23882500
8/8/19,46.889999,47.959999,46.529999,47.66,47.66,26371500
8/9/19,47.209999,47.792,46.762001,47.001999,47.001999,19491000
8/12/19,46.598,47.153999,45.75,45.801998,45.801998,23319500
8/13/19,45.762001,47.200001,45.509998,47,47,24240500
8/14/19,46.242001,46.299999,43.338001,43.924,43.924,47813000
8/15/19,44.172001,44.312,42.310001,43.127998,43.127998,40798000
8/16/19,43.332001,44.448002,43.203999,43.987999,43.987999,25492500
8/19/19,44.841999,45.566002,44.34,45.366001,45.366001,26548000
8/20/19,45.523998,45.818001,44.908001,45.172001,45.172001,20626000
8/21/19,44.402,44.644001,43.52,44.166,44.166,38971500
8/22/19,44.560001,45.080002,43.644001,44.43,44.43,32795000
8/23/19,43.993999,44.234001,42.200001,42.279999,42.279999,42693000
8/26/19,42.720001,43.004002,42.307999,43,43,25259500
8/27/19,43.147999,43.759998,42.405998,42.816002,42.816002,27081000
8/28/19,42.737999,43.450001,42.462002,43.118,43.118,16127500
8/29/19,43.799999,44.68,43.599998,44.341999,44.341999,25897500
8/30/19,45.830002,46.487999,44.841999,45.122002,45.122002,46603000
9/3/19,44.816002,45.790001,44.632,45.001999,45.001999,26770500
9/4/19,45.377998,45.692001,43.841999,44.136002,44.136002,28805000
9/5/19,44.5,45.959999,44.169998,45.916,45.916,36976500
9/6/19,45.439999,45.928001,45.034,45.490002,45.490002,20947000
9/9/19,46,46.751999,45.846001,46.358002,46.358002,24013500
9/10/19,46.16,47.108002,45.787998,47.108002,47.108002,24418500
9/11/19,47.476002,49.633999,47.200001,49.419998,49.419998,50214000
9/12/19,49.540001,50.700001,48.880001,49.174,49.174,42906000
9/13/19,49.391998,49.689999,48.973999,49.040001,49.040001,26565500
9/16/19,49.200001,49.486,48.234001,48.562,48.562,23640500
9/17/19,48.493999,49.119999,48.074001,48.958,48.958,19327000
9/18/19,49,49.633999,48.473999,48.698002,48.698002,20851000
9/19/19,49.200001,49.588001,48.967999,49.32,49.32,23979000
9/20/19,49.298,49.389999,47.632,48.124001,48.124001,31765000
9/23/19,48,49.035999,47.844002,48.245998,48.245998,21701000
9/24/19,48.304001,48.397999,44.521999,44.641998,44.641998,64457500
9/25/19,44.911999,45.796001,43.672001,45.740002,45.740002,47135500
9/26/19,46.132,48.661999,45.48,48.512001,48.512001,59422500
9/27/19,48.439999,49.742001,47.745998,48.425999,48.425999,55582000
9/30/19,48.599998,48.796001,47.222,48.174,48.174,29399000
10/1/19,48.299999,49.189999,47.826,48.938,48.938,30813000
10/2/19,48.658001,48.93,47.886002,48.625999,48.625999,28157000
10/3/19,46.372002,46.896,44.855999,46.605999,46.605999,75422500
10/4/19,46.321999,46.956001,45.613998,46.285999,46.285999,39975000
10/7/19,45.959999,47.712002,45.709999,47.543999,47.543999,40321000
10/8/19,47.174,48.787998,46.900002,48.009998,48.009998,43391000
10/9/19,48.264,49.459999,48.130001,48.905998,48.905998,34472000
10/10/19,49.056,49.855999,48.316002,48.948002,48.948002,31416500
10/11/19,49.43,50.216,49.362,49.577999,49.577999,42377000
10/14/19,49.580002,51.709999,49.425999,51.391998,51.391998,51025000
10/15/19,51.540001,52,50.824001,51.577999,51.577999,32164000
10/16/19,51.478001,52.419998,51.383999,51.950001,51.950001,33420500
10/17/19,52.5,52.956001,52.034,52.394001,52.394001,23846500
10/18/19,52.139999,52.560001,51.02,51.389999,51.389999,28749000
10/21/19,51.666,51.900002,50.035999,50.700001,50.700001,25101500
10/22/19,50.863998,51.666,50.169998,51.116001,51.116001,23004000
10/23/19,50.900002,51.228001,50.27,50.936001,50.936001,26305500
10/24/19,59.674,60.986,57.84,59.936001,59.936001,148604500
10/25/19,59.543999,66,59.222,65.625999,65.625999,150030500
10/28/19,65.508003,68.167999,64.519997,65.542,65.542,94351500
10/29/19,63.998001,64.860001,62.950001,63.243999,63.243999,63421500
10/30/19,62.599998,63.757999,61.993999,63.001999,63.001999,48209000
10/31/19,62.619999,63.799999,62.599998,62.984001,62.984001,25335000
11/1/19,63.264,63.296001,61.959999,62.661999,62.661999,31919500
11/4/19,62.959999,64.388,61.852001,63.493999,63.493999,43935000
11/5/19,63.924,64.702003,63.223999,63.444,63.444,34717000
11/6/19,63.599998,65.344002,62.900002,65.316002,65.316002,39704500
11/7/19,65.828003,68.300003,65.603996,67.108002,67.108002,72336500
11/8/19,66.900002,67.491997,66.5,67.428001,67.428001,30346000
11/11/19,68.790001,69.837997,68.400002,69.017998,69.017998,49933500
11/12/19,69.379997,70.073997,68.807999,69.986,69.986,36797000
11/13/19,71,71.265999,69.036003,69.222,69.222,42100500
11/14/19,69.222,70.767998,68.582001,69.870003,69.870003,32324500
11/15/19,70.127998,70.559998,69.671997,70.433998,70.433998,24045000
11/18/19,70.584,70.629997,69.220001,69.998001,69.998001,22002000
11/19/19,70.349998,71.998001,69.559998,71.903999,71.903999,38624000
11/20/19,72,72.239998,69.914001,70.444,70.444,33625500
11/21/19,70.902,72.167999,70.800003,70.966003,70.966003,30550000
11/22/19,68.031998,68.199997,66,66.608002,66.608002,84353000
11/25/19,68.863998,68.914001,66.891998,67.267998,67.267998,61697500
11/26/19,67.054001,67.099998,65.419998,65.783997,65.783997,39737000
11/27/19,66.223999,66.786003,65.713997,66.258003,66.258003,27778000
11/29/19,66.222,66.251999,65.5,65.987999,65.987999,12328000
12/2/19,65.879997,67.276001,65.737999,66.973999,66.973999,30372500
12/3/19,66.524002,67.582001,66.438004,67.239998,67.239998,32868500
12/4/19,67.550003,67.571999,66.57,66.606003,66.606003,27665000
12/5/19,66.566002,66.884003,65.449997,66.073997,66.073997,18623000
12/6/19,67,67.772003,66.954002,67.178001,67.178001,38062000
12/9/19,67.318001,68.889999,67.015999,67.905998,67.905998,45115500
12/10/19,67.991997,70.146004,67.862,69.767998,69.767998,44141500
12/11/19,70.375999,71.438004,70.218002,70.540001,70.540001,34489000
12/12/19,70.984001,72.547997,70.646004,71.935997,71.935997,38819500
12/13/19,72.209999,73.042,70.928001,71.678001,71.678001,32854500
12/16/19,72.510002,76.722,72.5,76.300003,76.300003,90871000
12/17/19,75.797997,77.099998,75.18,75.797997,75.797997,42484000
12/18/19,76.125999,79.043999,76.115997,78.629997,78.629997,70605000
12/19/19,79.463997,81.370003,79.300003,80.807999,80.807999,90535500
12/20/19,82.057999,82.599998,80.038002,81.117996,81.117996,73763500
12/23/19,82.356003,84.402,82,83.844002,83.844002,66598000
12/24/19,83.671997,85.094002,82.538002,85.050003,85.050003,40273500
12/26/19,85.582001,86.695999,85.269997,86.188004,86.188004,53169500
12/27/19,87,87.061996,85.222,86.075996,86.075996,49728500
12/30/19,85.758003,85.800003,81.851997,82.940002,82.940002,62932000
12/31/19,81,84.258003,80.416,83.666,83.666,51428500
1/2/20,84.900002,86.139999,84.342003,86.052002,86.052002,47660500
1/3/20,88.099998,90.800003,87.384003,88.601997,88.601997,88892500
1/6/20,88.094002,90.311996,88,90.307999,90.307999,50665000
1/7/20,92.279999,94.325996,90.671997,93.811996,93.811996,89410500
1/8/20,94.739998,99.697998,93.646004,98.428001,98.428001,155721500
1/9/20,99.419998,99.760002,94.573997,96.267998,96.267998,142202000
1/10/20,96.358002,96.987999,94.739998,95.629997,95.629997,64797500
1/13/20,98.699997,105.125999,98.400002,104.972,104.972,132588000
1/14/20,108.851997,109.482002,104.980003,107.584,107.584,144981000
1/15/20,105.952003,107.568001,103.358002,103.699997,103.699997,86844000
1/16/20,98.75,102.891998,98.433998,102.697998,102.697998,108683500
1/17/20,101.522003,103.134003,100.632004,102.099998,102.099998,68145500
1/21/20,106.050003,109.716003,105.681999,109.440002,109.440002,89017500
1/22/20,114.377998,118.900002,111.82,113.912003,113.912003,156845000
1/23/20,112.849998,116.400002,111.120003,114.440002,114.440002,98255000
1/24/20,114.125999,114.772003,110.851997,112.963997,112.963997,71768000
1/27/20,108.398003,112.888,107.856003,111.603996,111.603996,68040500
1/28/20,113.697998,115.362,111.615997,113.379997,113.379997,58942500
1/29/20,115.138,117.959999,113.486,116.197998,116.197998,89007500
1/30/20,126.484001,130.175995,123.599998,128.162003,128.162003,145028500
1/31/20,128,130.600006,126.503998,130.113998,130.113998,78596500
2/3/20,134.738007,157.227997,134.703995,156,156,235325000
2/4/20,176.591995,193.798004,166.776001,177.412003,177.412003,304694000
2/5/20,164.651993,169.195999,140.822006,146.940002,146.940002,242119000
2/6/20,139.983994,159.166,137.399994,149.792007,149.792007,199404000
2/7/20,146.110001,153.949997,146,149.613998,149.613998,85317500
2/10/20,160,163.998001,150.479996,154.255997,154.255997,123446000
2/11/20,153.757996,156.701996,151.600006,154.876007,154.876007,58487500
2/12/20,155.574005,157.949997,152.673996,153.457993,153.457993,60112500
2/13/20,148.367996,163.600006,147,160.800003,160.800003,131446500
2/14/20,157.444,162.593994,157.100006,160.005997,160.005997,78468500
2/18/20,168.320007,172,166.472,171.679993,171.679993,81908500
2/19/20,184.699997,188.955994,180.203995,183.483994,183.483994,127115000
2/20/20,182.389999,182.399994,171.988007,179.882004,179.882004,88174500
2/21/20,181.395996,182.612,176.089996,180.199997,180.199997,71574000
2/24/20,167.800003,172.699997,164.440002,166.757996,166.757996,75961000
2/25/20,169.800003,171.320007,157.399994,159.981995,159.981995,86452500
2/26/20,156.5,162.662003,155.222,155.759995,155.759995,70427500
2/27/20,146,147.953995,133.800003,135.800003,135.800003,121386000
2/28/20,125.940002,138.104004,122.304001,133.598007,133.598007,121114500
3/2/20,142.251999,148.738007,137.334,148.723999,148.723999,100975000
3/3/20,161,161.395996,143.222,149.102005,149.102005,128920000
3/4/20,152.792007,153.304001,144.945999,149.899994,149.899994,75245000
3/5/20,144.753998,149.149994,143.613998,144.908005,144.908005,54263500
3/6/20,138,141.399994,136.854004,140.695999,140.695999,63314500
3/9/20,121.078003,132.600006,121,121.599998,121.599998,85368500
3/10/20,131.886002,133.600006,121.599998,129.065994,129.065994,77972000
3/11/20,128.039993,130.716003,122.599998,126.846001,126.846001,66612500
3/12/20,116.178001,118.900002,109.25,112.110001,112.110001,94545500
3/13/20,119,121.514,100.400002,109.323997,109.323997,113201500
3/16/20,93.900002,98.973999,88.433998,89.014,89.014,102447500
3/17/20,88.001999,94.370003,79.199997,86.040001,86.040001,119973000
3/18/20,77.800003,80.972,70.101997,72.244003,72.244003,118931000
3/19/20,74.940002,90.400002,71.692001,85.528,85.528,150977500
3/20/20,87.639999,95.400002,85.157997,85.505997,85.505997,141427500
3/23/20,86.720001,88.400002,82.099998,86.858002,86.858002,82272500
3/24/20,95.459999,102.737999,94.800003,101,101,114476000
3/25/20,109.050003,111.400002,102.222,107.849998,107.849998,106113500
3/26/20,109.477997,112,102.449997,105.632004,105.632004,86903500
3/27/20,101,105.160004,98.806,102.872002,102.872002,71887000
3/30/20,102.052002,103.330002,98.246002,100.426003,100.426003,59990500
3/31/20,100.25,108.592003,99.400002,104.800003,104.800003,88857500
4/1/20,100.800003,102.790001,95.019997,96.311996,96.311996,66766000
4/2/20,96.206001,98.851997,89.279999,90.893997,90.893997,99292000
4/3/20,101.900002,103.098,93.678001,96.001999,96.001999,112810500
4/6/20,102.239998,104.199997,99.592003,103.248001,103.248001,74509000
4/7/20,109,113,106.468002,109.089996,109.089996,89599000
4/8/20,110.839996,111.442001,106.666,109.767998,109.767998,63280000
4/9/20,112.417999,115.036003,111.421997,114.599998,114.599998,68250000
4/13/20,118.031998,130.399994,116.106003,130.190002,130.190002,112377000
4/14/20,139.794006,148.376007,138.485992,141.977997,141.977997,152882500
4/15/20,148.399994,150.626007,142,145.966003,145.966003,117885000
4/16/20,143.388,151.889999,141.343994,149.042007,149.042007,103289500
4/17/20,154.455994,154.990005,149.531998,150.778,150.778,65641000
4/20/20,146.539993,153.113998,142.442001,149.272003,149.272003,73733000
4/21/20,146.024002,150.666,134.757996,137.343994,137.343994,101045500
4/22/20,140.796005,146.800003,137.742004,146.421997,146.421997,70827500
4/23/20,145.520004,146.800003,140.626007,141.126007,141.126007,66183500
4/24/20,142.162003,146.145996,139.636002,145.029999,145.029999,66060000
4/27/20,147.522003,159.897995,147,159.75,159.75,103407000
4/28/20,159.128006,161,151.337997,153.824005,153.824005,76110000
4/29/20,158.033997,160.639999,156.632004,160.102005,160.102005,81080000
4/30/20,171.037994,173.964005,152.699997,156.376007,156.376007,142359500
5/1/20,151,154.554001,136.608002,140.264008,140.264008,162659000
5/4/20,140.199997,152.399994,139.600006,152.238007,152.238007,96185500
5/5/20,157.957993,159.783997,152.436005,153.641998,153.641998,84958500
5/6/20,155.300003,157.960007,152.222,156.516006,156.516006,55616000
5/7/20,155.442001,159.279999,154.470001,156.007996,156.007996,57638500
5/8/20,158.753998,164.800003,157.401993,163.884003,163.884003,80432500
5/11/20,158.102005,164.800003,157,162.257996,162.257996,82598000
5/12/20,165.399994,168.658005,161.600006,161.882004,161.882004,79534500
5/13/20,164.166,165.199997,152.660004,158.192001,158.192001,95327500
5/14/20,156,160.671997,152.800003,160.666,160.666,68411000
5/15/20,158.070007,161.009995,157.309998,159.834,159.834,52592000
5/18/20,165.556,166.944,160.776001,162.725998,162.725998,58329000
5/19/20,163.033997,164.414001,161.216003,161.602005,161.602005,48182500
5/20/20,164.100006,165.199997,162.360001,163.112,163.112,36546500
5/21/20,163.199997,166.5,159.199997,165.520004,165.520004,61273000
5/22/20,164.434006,166.356003,162.399994,163.376007,163.376007,49937500
5/26/20,166.899994,166.919998,163.141998,163.774002,163.774002,40448500
5/27/20,164.171997,165.542007,157,164.046005,164.046005,57747500
5/28/20,162.701996,164.949997,160.337997,161.162003,161.162003,36278000
5/29/20,161.75,167,160.841995,167,167,58822500
6/1/20,171.600006,179.800003,170.820007,179.619995,179.619995,74697500